<metadata xml:lang="en"><Esri><CreaDate>20210319</CreaDate><CreaTime>10472900</CreaTime><ArcGISFormat>1.0</ArcGISFormat><SyncOnce>FALSE</SyncOnce><DataProperties><itemProps><itemName Sync="TRUE">DiscriminantAnalysis_Polygons</itemName><imsContentType Sync="TRUE">002</imsContentType><itemLocation><linkage Sync="TRUE">file://\\HAGL215A-2FZFRC\I$\TAMUK\GIS_All\Chapter_Remote_Sensing\Buildings_Analysis\Building_Classification\ForPublication_Data\DiscriminantAnalysis_Polygons.shp</linkage><protocol Sync="TRUE">Local Area Network</protocol></itemLocation><itemSize Sync="TRUE">0.000</itemSize></itemProps><coordRef><type Sync="TRUE">Projected</type><geogcsn Sync="TRUE">GCS_NAD_1983_2011</geogcsn><csUnits Sync="TRUE">Linear Unit: Meter (1.000000)</csUnits><projcsn Sync="TRUE">NAD_1983_2011_UTM_Zone_14N</projcsn><peXml Sync="TRUE">&lt;ProjectedCoordinateSystem xsi:type='typens:ProjectedCoordinateSystem' xmlns:xsi='http://www.w3.org/2001/XMLSchema-instance' xmlns:xs='http://www.w3.org/2001/XMLSchema' xmlns:typens='http://www.esri.com/schemas/ArcGIS/2.8.0'&gt;&lt;WKT&gt;PROJCS[&amp;quot;NAD_1983_2011_UTM_Zone_14N&amp;quot;,GEOGCS[&amp;quot;GCS_NAD_1983_2011&amp;quot;,DATUM[&amp;quot;D_NAD_1983_2011&amp;quot;,SPHEROID[&amp;quot;GRS_1980&amp;quot;,6378137.0,298.257222101]],PRIMEM[&amp;quot;Greenwich&amp;quot;,0.0],UNIT[&amp;quot;Degree&amp;quot;,0.0174532925199433]],PROJECTION[&amp;quot;Transverse_Mercator&amp;quot;],PARAMETER[&amp;quot;False_Easting&amp;quot;,500000.0],PARAMETER[&amp;quot;False_Northing&amp;quot;,0.0],PARAMETER[&amp;quot;Central_Meridian&amp;quot;,-99.0],PARAMETER[&amp;quot;Scale_Factor&amp;quot;,0.9996],PARAMETER[&amp;quot;Latitude_Of_Origin&amp;quot;,0.0],UNIT[&amp;quot;Meter&amp;quot;,1.0],AUTHORITY[&amp;quot;EPSG&amp;quot;,6343]],VERTCS[&amp;quot;NAVD88 height&amp;quot;,VDATUM[&amp;quot;North American Vertical Datum 1988&amp;quot;],PARAMETER[&amp;quot;Vertical_Shift&amp;quot;,0.0],PARAMETER[&amp;quot;Direction&amp;quot;,1.0],UNIT[&amp;quot;meter&amp;quot;,1.0],AUTHORITY[&amp;quot;EPSG&amp;quot;,5703]]&lt;/WKT&gt;&lt;XOrigin&gt;-5120900&lt;/XOrigin&gt;&lt;YOrigin&gt;-9998100&lt;/YOrigin&gt;&lt;XYScale&gt;450445547.3910538&lt;/XYScale&gt;&lt;ZOrigin&gt;-100000&lt;/ZOrigin&gt;&lt;ZScale&gt;10000&lt;/ZScale&gt;&lt;MOrigin&gt;-100000&lt;/MOrigin&gt;&lt;MScale&gt;10000&lt;/MScale&gt;&lt;XYTolerance&gt;0.001&lt;/XYTolerance&gt;&lt;ZTolerance&gt;0.001&lt;/ZTolerance&gt;&lt;MTolerance&gt;0.001&lt;/MTolerance&gt;&lt;HighPrecision&gt;true&lt;/HighPrecision&gt;&lt;WKID&gt;102383&lt;/WKID&gt;&lt;LatestWKID&gt;6343&lt;/LatestWKID&gt;&lt;VCSWKID&gt;5703&lt;/VCSWKID&gt;&lt;LatestVCSWKID&gt;5703&lt;/LatestVCSWKID&gt;&lt;/ProjectedCoordinateSystem&gt;</peXml></coordRef><lineage><Process ToolSource="c:\program files\arcgis\pro\Resources\ArcToolbox\toolboxes\Data Management Tools.tbx\CopyFeatures" Date="20210319" Time="104738">CopyFeatures D:\TAMUK\GIS_All\Chapter_Remote_Sensing\LIDAR\Building_Detector.gdb\LiDAR_Buildings_Stats_20210319 D:\TAMUK\GIS_All\Chapter_Remote_Sensing\LIDAR\Building_Classification\Building_Classification.gdb\LiDAR_Buildings_Stats_20210319 # # # #</Process><Process ToolSource="c:\program files\arcgis\pro\Resources\ArcToolbox\toolboxes\Data Management Tools.tbx\UpdateSchema" Date="20210319" Time="110820">UpdateSchema "CIMDATA=&lt;CIMStandardDataConnection xsi:type='typens:CIMStandardDataConnection' xmlns:xsi='http://www.w3.org/2001/XMLSchema-instance' xmlns:xs='http://www.w3.org/2001/XMLSchema' xmlns:typens='http://www.esri.com/schemas/ArcGIS/2.4.0'&gt;&lt;WorkspaceConnectionString&gt;DATABASE=D:\TAMUK\GIS_All\Chapter_Remote_Sensing\LIDAR\Building_Classification\Building_Classification.gdb&lt;/WorkspaceConnectionString&gt;&lt;WorkspaceFactory&gt;FileGDB&lt;/WorkspaceFactory&gt;&lt;Dataset&gt;LiDAR_Buildings_Stats_20210319&lt;/Dataset&gt;&lt;DatasetType&gt;esriDTFeatureClass&lt;/DatasetType&gt;&lt;/CIMStandardDataConnection&gt;" &lt;operationSequence&gt;&lt;workflow&gt;&lt;AddField&gt;&lt;field_name&gt;Prop_1&lt;/field_name&gt;&lt;field_type&gt;DOUBLE&lt;/field_type&gt;&lt;field_alias&gt;Prop_Ground&lt;/field_alias&gt;&lt;field_is_nullable&gt;True&lt;/field_is_nullable&gt;&lt;field_is_required&gt;False&lt;/field_is_required&gt;&lt;/AddField&gt;&lt;/workflow&gt;&lt;workflow&gt;&lt;AddField&gt;&lt;field_name&gt;Prop_2&lt;/field_name&gt;&lt;field_type&gt;DOUBLE&lt;/field_type&gt;&lt;field_alias&gt;Prop_Unclassified&lt;/field_alias&gt;&lt;field_is_nullable&gt;True&lt;/field_is_nullable&gt;&lt;field_is_required&gt;False&lt;/field_is_required&gt;&lt;/AddField&gt;&lt;/workflow&gt;&lt;workflow&gt;&lt;AddField&gt;&lt;field_name&gt;Prop_6&lt;/field_name&gt;&lt;field_type&gt;DOUBLE&lt;/field_type&gt;&lt;field_alias&gt;Prop_Building&lt;/field_alias&gt;&lt;field_is_nullable&gt;True&lt;/field_is_nullable&gt;&lt;field_is_required&gt;False&lt;/field_is_required&gt;&lt;/AddField&gt;&lt;/workflow&gt;&lt;workflow&gt;&lt;AddField&gt;&lt;field_name&gt;Prop_7&lt;/field_name&gt;&lt;field_type&gt;DOUBLE&lt;/field_type&gt;&lt;field_alias&gt;Prop_LowNoise&lt;/field_alias&gt;&lt;field_is_nullable&gt;True&lt;/field_is_nullable&gt;&lt;field_is_required&gt;False&lt;/field_is_required&gt;&lt;/AddField&gt;&lt;/workflow&gt;&lt;workflow&gt;&lt;AddField&gt;&lt;field_name&gt;Prop_9&lt;/field_name&gt;&lt;field_type&gt;DOUBLE&lt;/field_type&gt;&lt;field_alias&gt;Prop_Water&lt;/field_alias&gt;&lt;field_is_nullable&gt;True&lt;/field_is_nullable&gt;&lt;field_is_required&gt;False&lt;/field_is_required&gt;&lt;/AddField&gt;&lt;/workflow&gt;&lt;workflow&gt;&lt;AddField&gt;&lt;field_name&gt;Prop_10&lt;/field_name&gt;&lt;field_type&gt;DOUBLE&lt;/field_type&gt;&lt;field_alias&gt;Prop_Rail&lt;/field_alias&gt;&lt;field_is_nullable&gt;True&lt;/field_is_nullable&gt;&lt;field_is_required&gt;False&lt;/field_is_required&gt;&lt;/AddField&gt;&lt;/workflow&gt;&lt;workflow&gt;&lt;AddField&gt;&lt;field_name&gt;Prop_17&lt;/field_name&gt;&lt;field_type&gt;DOUBLE&lt;/field_type&gt;&lt;field_alias&gt;Prop_Bridge&lt;/field_alias&gt;&lt;field_is_nullable&gt;True&lt;/field_is_nullable&gt;&lt;field_is_required&gt;False&lt;/field_is_required&gt;&lt;/AddField&gt;&lt;/workflow&gt;&lt;workflow&gt;&lt;AddField&gt;&lt;field_name&gt;Prop_18&lt;/field_name&gt;&lt;field_type&gt;DOUBLE&lt;/field_type&gt;&lt;field_alias&gt;Prop_HighNoise&lt;/field_alias&gt;&lt;field_is_nullable&gt;True&lt;/field_is_nullable&gt;&lt;field_is_required&gt;False&lt;/field_is_required&gt;&lt;/AddField&gt;&lt;/workflow&gt;&lt;workflow&gt;&lt;AddField&gt;&lt;field_name&gt;Prop_64&lt;/field_name&gt;&lt;field_type&gt;DOUBLE&lt;/field_type&gt;&lt;field_alias&gt;Prop_NotBuilding&lt;/field_alias&gt;&lt;field_is_nullable&gt;True&lt;/field_is_nullable&gt;&lt;field_is_required&gt;False&lt;/field_is_required&gt;&lt;/AddField&gt;&lt;/workflow&gt;&lt;/operationSequence&gt;</Process><Process ToolSource="c:\program files\arcgis\pro\Resources\ArcToolbox\toolboxes\Data Management Tools.tbx\CalculateField" Date="20210319" Time="110909">CalculateField LiDAR_Buildings_Stats_20210319 Prop_1 !CLCnt_1!/!PntCnt! "Python 3" #</Process><Process ToolSource="c:\program files\arcgis\pro\Resources\ArcToolbox\toolboxes\Data Management Tools.tbx\CalculateField" Date="20210319" Time="110958">CalculateField LiDAR_Buildings_Stats_20210319 Prop_2 !CLCnt_2!/!PntCnt! "Python 3" #</Process><Process ToolSource="c:\program files\arcgis\pro\Resources\ArcToolbox\toolboxes\Data Management Tools.tbx\CalculateField" Date="20210319" Time="111033">CalculateField LiDAR_Buildings_Stats_20210319 Prop_6 !CLCnt_6!/!PntCnt! "Python 3" #</Process><Process ToolSource="c:\program files\arcgis\pro\Resources\ArcToolbox\toolboxes\Data Management Tools.tbx\CalculateField" Date="20210319" Time="111059">CalculateField LiDAR_Buildings_Stats_20210319 Prop_7 !CLCnt_7!/!PntCnt! "Python 3" #</Process><Process ToolSource="c:\program files\arcgis\pro\Resources\ArcToolbox\toolboxes\Data Management Tools.tbx\CalculateField" Date="20210319" Time="111156">CalculateField LiDAR_Buildings_Stats_20210319 Prop_9 !CLCnt_9!/!PntCnt! "Python 3" #</Process><Process ToolSource="c:\program files\arcgis\pro\Resources\ArcToolbox\toolboxes\Data Management Tools.tbx\CalculateField" Date="20210319" Time="111225">CalculateField LiDAR_Buildings_Stats_20210319 Prop_10 !CLCnt_10!/!PntCnt! "Python 3" #</Process><Process ToolSource="c:\program files\arcgis\pro\Resources\ArcToolbox\toolboxes\Data Management Tools.tbx\CalculateField" Date="20210319" Time="111255">CalculateField LiDAR_Buildings_Stats_20210319 Prop_17 !CLCnt_17!/!PntCnt! "Python 3" #</Process><Process ToolSource="c:\program files\arcgis\pro\Resources\ArcToolbox\toolboxes\Data Management Tools.tbx\CalculateField" Date="20210319" Time="111322">CalculateField LiDAR_Buildings_Stats_20210319 Prop_18 !CLCnt_18!/!PntCnt! "Python 3" #</Process><Process ToolSource="c:\program files\arcgis\pro\Resources\ArcToolbox\toolboxes\Data Management Tools.tbx\CalculateField" Date="20210319" Time="111352">CalculateField LiDAR_Buildings_Stats_20210319 Prop_64 !CLCnt_64!/!PntCnt! "Python 3" #</Process><Process ToolSource="c:\program files\arcgis\pro\Resources\ArcToolbox\toolboxes\Data Management Tools.tbx\UpdateSchema" Date="20210319" Time="111428">UpdateSchema "CIMDATA=&lt;CIMStandardDataConnection xsi:type='typens:CIMStandardDataConnection' xmlns:xsi='http://www.w3.org/2001/XMLSchema-instance' xmlns:xs='http://www.w3.org/2001/XMLSchema' xmlns:typens='http://www.esri.com/schemas/ArcGIS/2.4.0'&gt;&lt;WorkspaceConnectionString&gt;DATABASE=D:\TAMUK\GIS_All\Chapter_Remote_Sensing\LIDAR\Building_Classification\Building_Classification.gdb&lt;/WorkspaceConnectionString&gt;&lt;WorkspaceFactory&gt;FileGDB&lt;/WorkspaceFactory&gt;&lt;Dataset&gt;LiDAR_Buildings_Stats_20210319&lt;/Dataset&gt;&lt;DatasetType&gt;esriDTFeatureClass&lt;/DatasetType&gt;&lt;/CIMStandardDataConnection&gt;" &lt;operationSequence&gt;&lt;workflow&gt;&lt;AddField&gt;&lt;field_name&gt;Prop_Total&lt;/field_name&gt;&lt;field_type&gt;DOUBLE&lt;/field_type&gt;&lt;field_alias&gt;Prop_Total&lt;/field_alias&gt;&lt;field_is_nullable&gt;True&lt;/field_is_nullable&gt;&lt;field_is_required&gt;False&lt;/field_is_required&gt;&lt;/AddField&gt;&lt;/workflow&gt;&lt;/operationSequence&gt;</Process><Process ToolSource="c:\program files\arcgis\pro\Resources\ArcToolbox\toolboxes\Data Management Tools.tbx\CalculateField" Date="20210319" Time="111532">CalculateField LiDAR_Buildings_Stats_20210319 Prop_Total "!Prop_1!+!Prop_2!+!Prop_6!+!Prop_7! + !Prop_9! + !Prop_10! + !Prop_17! + !Prop_18! + !Prop_64!" "Python 3" #</Process><Process ToolSource="c:\program files\arcgis\pro\Resources\ArcToolbox\toolboxes\Data Management Tools.tbx\Rename" Date="20210524" Time="122859">Rename F:\TAMUK\GIS_All\Chapter_Remote_Sensing\Buildings_Analysis\Building_Classification\Building_Classification.gdb\LiDAR_Buildings_Stats_20210319 F:\TAMUK\GIS_All\Chapter_Remote_Sensing\Buildings_Analysis\Building_Classification\Building_Classification.gdb\LiDAR_Buildings_Stats_20210319_raw FeatureClass</Process><Process ToolSource="c:\program files\arcgis\pro\Resources\ArcToolbox\toolboxes\Conversion Tools.tbx\FeatureClassToFeatureClass" Date="20210524" Time="122931">FeatureClassToFeatureClass LiDAR_Buildings_Stats_20210319 F:\TAMUK\GIS_All\Chapter_Remote_Sensing\Buildings_Analysis\Building_Classification\Building_Classification.gdb\Raw_Data LiDAR_Buildings_Stats_20210319 # "ID "ID" true true false 4 Long 0 0,First,#,LiDAR_Buildings_Stats_20210319,ID,-1,-1;PntCnt "PntCnt" true true false 8 Double 0 0,First,#,LiDAR_Buildings_Stats_20210319,PntCnt,-1,-1;CLCnt_1 "CLCnt_1" true true false 4 Long 0 0,First,#,LiDAR_Buildings_Stats_20210319,CLCnt_1,-1,-1;CLCnt_2 "CLCnt_2" true true false 4 Long 0 0,First,#,LiDAR_Buildings_Stats_20210319,CLCnt_2,-1,-1;CLCnt_6 "CLCnt_6" true true false 4 Long 0 0,First,#,LiDAR_Buildings_Stats_20210319,CLCnt_6,-1,-1;CLCnt_64 "CLCnt_64" true true false 4 Long 0 0,First,#,LiDAR_Buildings_Stats_20210319,CLCnt_64,-1,-1;PntDen "PntDen" true true false 8 Double 0 0,First,#,LiDAR_Buildings_Stats_20210319,PntDen,-1,-1;Azimuth "Azimuth" true true false 8 Double 0 0,First,#,LiDAR_Buildings_Stats_20210319,Azimuth,-1,-1;Slope "Slope" true true false 8 Double 0 0,First,#,LiDAR_Buildings_Stats_20210319,Slope,-1,-1;StdDev "StdDev" true true false 8 Double 0 0,First,#,LiDAR_Buildings_Stats_20210319,StdDev,-1,-1;Out1Sig "Out1Sig" true true false 4 Long 0 0,First,#,LiDAR_Buildings_Stats_20210319,Out1Sig,-1,-1;In1Sig "In1Sig" true true false 4 Long 0 0,First,#,LiDAR_Buildings_Stats_20210319,In1Sig,-1,-1;SqrtEigen1 "SqrtEigen1" true true false 8 Double 0 0,First,#,LiDAR_Buildings_Stats_20210319,SqrtEigen1,-1,-1;Eigen1 "Eigen1" true true false 8 Double 0 0,First,#,LiDAR_Buildings_Stats_20210319,Eigen1,-1,-1;Eigen2 "Eigen2" true true false 8 Double 0 0,First,#,LiDAR_Buildings_Stats_20210319,Eigen2,-1,-1;Eigen3 "Eigen3" true true false 8 Double 0 0,First,#,LiDAR_Buildings_Stats_20210319,Eigen3,-1,-1;Normal "Normal" true true false 50 Text 0 0,First,#,LiDAR_Buildings_Stats_20210319,Normal,0,50;MaxDis "MaxDis" true true false 8 Double 0 0,First,#,LiDAR_Buildings_Stats_20210319,MaxDis,-1,-1;MinDis "MinDis" true true false 8 Double 0 0,First,#,LiDAR_Buildings_Stats_20210319,MinDis,-1,-1;Range "Range" true true false 8 Double 0 0,First,#,LiDAR_Buildings_Stats_20210319,Range,-1,-1;CLCnt_7 "CLCnt_7" true true false 4 Long 0 0,First,#,LiDAR_Buildings_Stats_20210319,CLCnt_7,-1,-1;CLCnt_9 "CLCnt_9" true true false 4 Long 0 0,First,#,LiDAR_Buildings_Stats_20210319,CLCnt_9,-1,-1;CLCnt_18 "CLCnt_18" true true false 4 Long 0 0,First,#,LiDAR_Buildings_Stats_20210319,CLCnt_18,-1,-1;CLCnt_10 "CLCnt_10" true true false 4 Long 0 0,First,#,LiDAR_Buildings_Stats_20210319,CLCnt_10,-1,-1;CLCnt_17 "CLCnt_17" true true false 4 Long 0 0,First,#,LiDAR_Buildings_Stats_20210319,CLCnt_17,-1,-1;Shape_Length "Shape_Length" false true true 8 Double 0 0,First,#,LiDAR_Buildings_Stats_20210319,Shape_Length,-1,-1;Shape_Area "Shape_Area" false true true 8 Double 0 0,First,#,LiDAR_Buildings_Stats_20210319,Shape_Area,-1,-1;Prop_1 "Prop_Ground" true true false 8 Double 0 0,First,#,LiDAR_Buildings_Stats_20210319,Prop_1,-1,-1;Prop_2 "Prop_Unclassified" true true false 8 Double 0 0,First,#,LiDAR_Buildings_Stats_20210319,Prop_2,-1,-1;Prop_6 "Prop_Building" true true false 8 Double 0 0,First,#,LiDAR_Buildings_Stats_20210319,Prop_6,-1,-1;Prop_7 "Prop_LowNoise" true true false 8 Double 0 0,First,#,LiDAR_Buildings_Stats_20210319,Prop_7,-1,-1;Prop_9 "Prop_Water" true true false 8 Double 0 0,First,#,LiDAR_Buildings_Stats_20210319,Prop_9,-1,-1;Prop_10 "Prop_Rail" true true false 8 Double 0 0,First,#,LiDAR_Buildings_Stats_20210319,Prop_10,-1,-1;Prop_17 "Prop_Bridge" true true false 8 Double 0 0,First,#,LiDAR_Buildings_Stats_20210319,Prop_17,-1,-1;Prop_18 "Prop_HighNoise" true true false 8 Double 0 0,First,#,LiDAR_Buildings_Stats_20210319,Prop_18,-1,-1;Prop_64 "Prop_NotBuilding" true true false 8 Double 0 0,First,#,LiDAR_Buildings_Stats_20210319,Prop_64,-1,-1;Prop_Total "Prop_Total" true true false 8 Double 0 0,First,#,LiDAR_Buildings_Stats_20210319,Prop_Total,-1,-1" #</Process><Process ToolSource="c:\program files\arcgis\pro\Resources\ArcToolbox\toolboxes\Conversion Tools.tbx\FeatureClassToFeatureClass" Date="20210524" Time="123123">FeatureClassToFeatureClass LiDAR_Buildings_Stats_20210319 F:\TAMUK\GIS_All\Chapter_Remote_Sensing\Buildings_Analysis\Building_Classification\Building_Classification.gdb\Classified_Data LiDAR_Buildings_Base # "ID "ID" true true false 4 Long 0 0,First,#,LiDAR_Buildings_Stats_20210319,ID,-1,-1;Shape_Length "Shape_Length" false true true 8 Double 0 0,First,#,LiDAR_Buildings_Stats_20210319,Shape_Length,-1,-1;Shape_Area "Shape_Area" false true true 8 Double 0 0,First,#,LiDAR_Buildings_Stats_20210319,Shape_Area,-1,-1" #</Process><Process ToolSource="c:\program files\arcgis\pro\Resources\ArcToolbox\toolboxes\Data Management Tools.tbx\RepairGeometry" Date="20210524" Time="125410">RepairGeometry LiDAR_Buildings_Base DELETE_NULL Esri</Process><Process ToolSource="c:\program files\arcgis\pro\Resources\ArcToolbox\toolboxes\Conversion Tools.tbx\FeatureClassToFeatureClass" Date="20220112" Time="110235">FeatureClassToFeatureClass LiDAR_Buildings_Base I:\TAMUK\GIS_All\Chapter_Remote_Sensing\Buildings_Analysis\Building_Classification\ForPublication_Data DiscriminantAnalysis_Polygons.shp # "ID "ID" true true false 4 Long 0 0,First,#,LiDAR_Buildings_Base,ID,-1,-1;Shape_Length "Shape_Length" false true true 8 Double 0 0,First,#,LiDAR_Buildings_Base,Shape_Length,-1,-1;Shape_Area "Shape_Area" false true true 8 Double 0 0,First,#,LiDAR_Buildings_Base,Shape_Area,-1,-1" #</Process></lineage></DataProperties><SyncDate>20220112</SyncDate><SyncTime>11021500</SyncTime><ModDate>20220112</ModDate><ModTime>11021500</ModTime></Esri><dataIdInfo><envirDesc Sync="TRUE">Microsoft Windows 10 Version 10.0 (Build 18363) ; Esri ArcGIS 12.8.3.29751</envirDesc><dataLang><languageCode value="eng" Sync="TRUE"></languageCode><countryCode value="USA" Sync="TRUE"></countryCode></dataLang><idCitation><resTitle Sync="TRUE">DiscriminantAnalysis_Polygons</resTitle><presForm><PresFormCd value="005" Sync="TRUE"></PresFormCd></presForm></idCitation><spatRpType><SpatRepTypCd value="001" Sync="TRUE"></SpatRepTypCd></spatRpType></dataIdInfo><mdLang><languageCode value="eng" Sync="TRUE"></languageCode><countryCode value="USA" Sync="TRUE"></countryCode></mdLang><distInfo><distFormat><formatName Sync="TRUE">Shapefile</formatName></distFormat><distTranOps><transSize Sync="TRUE">0.000</transSize></distTranOps></distInfo><mdHrLv><ScopeCd value="005" Sync="TRUE"></ScopeCd></mdHrLv><mdHrLvName Sync="TRUE">dataset</mdHrLvName><refSysInfo><RefSystem><refSysID><identCode code="6343" Sync="TRUE"></identCode><idCodeSpace Sync="TRUE">EPSG</idCodeSpace><idVersion Sync="TRUE">8.2.2(10.2.1)</idVersion></refSysID></RefSystem></refSysInfo><spatRepInfo><VectSpatRep><geometObjs Name="DiscriminantAnalysis_Polygons"><geoObjTyp><GeoObjTypCd value="002" Sync="TRUE"></GeoObjTypCd></geoObjTyp><geoObjCnt Sync="TRUE">0</geoObjCnt></geometObjs><topLvl><TopoLevCd value="001" Sync="TRUE"></TopoLevCd></topLvl></VectSpatRep></spatRepInfo><spdoinfo><ptvctinf><esriterm Name="DiscriminantAnalysis_Polygons"><efeatyp Sync="TRUE">Simple</efeatyp><efeageom code="4" Sync="TRUE"></efeageom><esritopo Sync="TRUE">FALSE</esritopo><efeacnt Sync="TRUE">0</efeacnt><spindex Sync="TRUE">FALSE</spindex><linrefer Sync="TRUE">TRUE</linrefer></esriterm></ptvctinf></spdoinfo><eainfo><detailed Name="DiscriminantAnalysis_Polygons"><enttyp><enttypl Sync="TRUE">DiscriminantAnalysis_Polygons</enttypl><enttypt Sync="TRUE">Feature Class</enttypt><enttypc Sync="TRUE">0</enttypc></enttyp><attr><attrlabl Sync="TRUE">FID</attrlabl><attalias Sync="TRUE">FID</attalias><attrtype Sync="TRUE">OID</attrtype><attwidth Sync="TRUE">4</attwidth><atprecis Sync="TRUE">0</atprecis><attscale Sync="TRUE">0</attscale><attrdef Sync="TRUE">Internal feature number.</attrdef><attrdefs Sync="TRUE">Esri</attrdefs><attrdomv><udom Sync="TRUE">Sequential unique whole numbers that are automatically generated.</udom></attrdomv></attr><attr><attrlabl Sync="TRUE">Shape</attrlabl><attalias Sync="TRUE">Shape</attalias><attrtype Sync="TRUE">Geometry</attrtype><attwidth Sync="TRUE">0</attwidth><atprecis Sync="TRUE">0</atprecis><attscale Sync="TRUE">0</attscale><attrdef Sync="TRUE">Feature geometry.</attrdef><attrdefs Sync="TRUE">Esri</attrdefs><attrdomv><udom Sync="TRUE">Coordinates defining the features.</udom></attrdomv></attr><attr><attrlabl Sync="TRUE">ID</attrlabl><attalias Sync="TRUE">ID</attalias><attrtype Sync="TRUE">Integer</attrtype><attwidth Sync="TRUE">10</attwidth><atprecis Sync="TRUE">10</atprecis><attscale Sync="TRUE">0</attscale></attr><attr><attrlabl Sync="TRUE">Shape_Leng</attrlabl><attalias Sync="TRUE">Shape_Leng</attalias><attrtype Sync="TRUE">Double</attrtype><attwidth Sync="TRUE">19</attwidth><atprecis Sync="TRUE">0</atprecis><attscale Sync="TRUE">0</attscale></attr><attr><attrlabl Sync="TRUE">Shape_Area</attrlabl><attalias Sync="TRUE">Shape_Area</attalias><attrtype Sync="TRUE">Double</attrtype><attwidth Sync="TRUE">19</attwidth><atprecis Sync="TRUE">0</atprecis><attscale Sync="TRUE">0</attscale><attrdef Sync="TRUE">Area of feature in internal units squared.</attrdef><attrdefs Sync="TRUE">Esri</attrdefs><attrdomv><udom Sync="TRUE">Positive real numbers that are automatically generated.</udom></attrdomv></attr></detailed></eainfo><mdDateSt Sync="TRUE">20220112</mdDateSt></metadata>
